fold,train_loss,valid_loss
0,0.0009876555922984193,0.007316675575441262
1,0.0010105795631686306,0.006569944541957258
2,0.000966257682251697,0.008149720031653382
3,0.0010253062918785644,0.006448737498189333
4,0.0009794321339667393,0.006947646698813073
5,0.0009797686637065407,0.00725032947706505
6,0.0009643476374935814,0.007694584616735315
7,0.0010144181624654053,0.007186121152534455
8,0.0010019758242204063,0.007023912699160001
9,0.0010021631624540026,0.006362001176456363
