fold,train_loss,valid_loss
0,0.000979535702435396,0.00684526086969728
1,0.0009848663581422095,0.006427979269449487
2,0.0009614423954354567,0.00784412141707903
3,0.00098140628596088,0.006302969162611139
4,0.0010332847359881317,0.006370879500427023
5,0.0009322615008390343,0.007165974847446097
6,0.0009543838932340272,0.007298236284326334
7,0.0009786652288740726,0.006851272987339108
8,0.0009757497036620723,0.006920625309779837
9,0.0009941789858897978,0.006038485068021201
