mixed,sep
145.971072507,274.569752431
165.550304714,152.800739528
137.094965981,165.30651385099998
130.283031022,159.715555975
119.28533879000001,128.141245091
108.322186825,145.49808055
127.62345720399998,256.490797217
155.787156665,153.12747140099998
183.95875714599998,303.05288736399996
170.48705647599996,195.82373616299998
