mixed,sep
331.348401352,320.74409466299994
297.50359657800004,293.51366427
370.611462688,360.6216075625
312.435373198,294.985219324
383.51643505999994,371.199650641
363.583793225,347.57923585900005
333.839384138,333.61398253799996
369.908200045,360.49640494499994
345.03051557000003,330.05896161199996
377.274900742,363.90704536499993
