mean_mixed,mean_sep,med_mixed,med_sep
0.947864107,1.78292047,0.5259328,1.4227769
1.075001979,0.992212594,0.5696633,0.7531202
0.890227052,1.073418921,0.5902958,0.6858692
0.845993708,1.037114,0.60443497,0.80368066
0.774580122,0.832086007,0.5257273,0.6257607
0.703390824,0.944792731,0.5302237,0.646909
0.828723748,1.665524657,0.56659186,1.1298862
1.011604913,0.99433423,0.6437168,0.5886606
1.194537384,1.967875892,0.73995817,1.0612242
1.107058808,1.271582702,0.7118561,0.8363676
