mean_mixed,mean_sep,med_mixed,med_sep
2.151612996,2.082753861,1.2413785,1.0992248
1.931841536,1.905932885,1.3799622,1.3576531
2.40656794,2.34169875,1.6172609,1.5462039
2.028801125,1.915488437,1.2111526,1.091516
2.490366461,2.410387342,1.3848166,1.3186324
2.360933722,2.257008025,1.4289033,1.417985
2.167788209,2.166324562,1.2442539,1.2579458
2.402001299,2.340885746,1.2658901,1.2790956
2.240457893,2.14324001,1.2368078,1.2600098
2.449837018,2.363032762,1.1011503,1.0965419
